path,true_idx,pred_idx,true_class,pred_class,confidence,correct,second_best_class,second_best_prob
retinal_oct_c8_project/data/RetinalOCT_Dataset/RetinalOCT_Dataset/test/MH/mh_test_1169.jpg,6,4,MH,DR,0.9921559,False,MH,0.004627773
retinal_oct_c8_project/data/RetinalOCT_Dataset/RetinalOCT_Dataset/test/MH/mh_test_1303.jpg,6,4,MH,DR,0.9853603,False,MH,0.013713061
retinal_oct_c8_project/data/RetinalOCT_Dataset/RetinalOCT_Dataset/test/DME/dme_test_1218.jpg,3,7,DME,NORMAL,0.9814735,False,DRUSEN,0.01150816
retinal_oct_c8_project/data/RetinalOCT_Dataset/RetinalOCT_Dataset/test/CNV/cnv_test_1085.jpg,1,3,CNV,DME,0.95711493,False,CNV,0.040611234
retinal_oct_c8_project/data/RetinalOCT_Dataset/RetinalOCT_Dataset/test/DRUSEN/drusen_test_1157.jpg,5,7,DRUSEN,NORMAL,0.9554959,False,DRUSEN,0.039316636
retinal_oct_c8_project/data/RetinalOCT_Dataset/RetinalOCT_Dataset/test/DRUSEN/drusen_test_1190.jpg,5,7,DRUSEN,NORMAL,0.9545649,False,DRUSEN,0.02322684
retinal_oct_c8_project/data/RetinalOCT_Dataset/RetinalOCT_Dataset/test/CNV/cnv_test_1027.jpg,1,3,CNV,DME,0.95404094,False,DR,0.022772536
retinal_oct_c8_project/data/RetinalOCT_Dataset/RetinalOCT_Dataset/test/DR/dr_test_1250.jpg,4,2,DR,CSR,0.95281607,False,DR,0.045296736
retinal_oct_c8_project/data/RetinalOCT_Dataset/RetinalOCT_Dataset/test/DME/dme_test_1232.jpg,3,1,DME,CNV,0.94007754,False,DRUSEN,0.03188395
retinal_oct_c8_project/data/RetinalOCT_Dataset/RetinalOCT_Dataset/test/DME/dme_test_1037.jpg,3,1,DME,CNV,0.93960065,False,DRUSEN,0.030346178
retinal_oct_c8_project/data/RetinalOCT_Dataset/RetinalOCT_Dataset/test/NORMAL/normal_test_1087.jpg,7,5,NORMAL,DRUSEN,0.9384379,False,NORMAL,0.04466388
retinal_oct_c8_project/data/RetinalOCT_Dataset/RetinalOCT_Dataset/test/DRUSEN/drusen_test_1237.jpg,5,7,DRUSEN,NORMAL,0.9253427,False,DME,0.05995537
retinal_oct_c8_project/data/RetinalOCT_Dataset/RetinalOCT_Dataset/test/DME/dme_test_1236.jpg,3,1,DME,CNV,0.9227846,False,DME,0.073637284
retinal_oct_c8_project/data/RetinalOCT_Dataset/RetinalOCT_Dataset/test/MH/mh_test_1074.jpg,6,4,MH,DR,0.9215475,False,MH,0.077946976
retinal_oct_c8_project/data/RetinalOCT_Dataset/RetinalOCT_Dataset/test/CNV/cnv_test_1043.jpg,1,5,CNV,DRUSEN,0.91264534,False,CNV,0.07156333
retinal_oct_c8_project/data/RetinalOCT_Dataset/RetinalOCT_Dataset/test/CNV/cnv_test_1042.jpg,1,5,CNV,DRUSEN,0.909762,False,CNV,0.07652873
retinal_oct_c8_project/data/RetinalOCT_Dataset/RetinalOCT_Dataset/test/DME/dme_test_1043.jpg,3,7,DME,NORMAL,0.9036262,False,DME,0.051963806
retinal_oct_c8_project/data/RetinalOCT_Dataset/RetinalOCT_Dataset/test/CSR/csr_test_1346.jpg,2,3,CSR,DME,0.9005149,False,CNV,0.05512211
retinal_oct_c8_project/data/RetinalOCT_Dataset/RetinalOCT_Dataset/test/DME/dme_test_1310.jpg,3,1,DME,CNV,0.882891,False,DME,0.11688517
retinal_oct_c8_project/data/RetinalOCT_Dataset/RetinalOCT_Dataset/test/CNV/cnv_test_1140.jpg,1,3,CNV,DME,0.8807905,False,CNV,0.118090734
retinal_oct_c8_project/data/RetinalOCT_Dataset/RetinalOCT_Dataset/test/CNV/cnv_test_1134.jpg,1,7,CNV,NORMAL,0.8807118,False,DRUSEN,0.06627445
retinal_oct_c8_project/data/RetinalOCT_Dataset/RetinalOCT_Dataset/test/MH/mh_test_1031.jpg,6,4,MH,DR,0.8802715,False,MH,0.11730978
retinal_oct_c8_project/data/RetinalOCT_Dataset/RetinalOCT_Dataset/test/CNV/cnv_test_1015.jpg,1,5,CNV,DRUSEN,0.88008857,False,NORMAL,0.0773258
retinal_oct_c8_project/data/RetinalOCT_Dataset/RetinalOCT_Dataset/test/DME/dme_test_1052.jpg,3,7,DME,NORMAL,0.871577,False,DRUSEN,0.07683095
retinal_oct_c8_project/data/RetinalOCT_Dataset/RetinalOCT_Dataset/test/DME/dme_test_1191.jpg,3,1,DME,CNV,0.87146366,False,DME,0.11083438
retinal_oct_c8_project/data/RetinalOCT_Dataset/RetinalOCT_Dataset/test/MH/mh_test_1151.jpg,6,4,MH,DR,0.87085724,False,MH,0.10293377
retinal_oct_c8_project/data/RetinalOCT_Dataset/RetinalOCT_Dataset/test/CNV/cnv_test_1250.jpg,1,3,CNV,DME,0.8693324,False,CNV,0.09917072
retinal_oct_c8_project/data/RetinalOCT_Dataset/RetinalOCT_Dataset/test/MH/mh_test_1063.jpg,6,4,MH,DR,0.86869174,False,MH,0.13118711
retinal_oct_c8_project/data/RetinalOCT_Dataset/RetinalOCT_Dataset/test/CNV/cnv_test_1040.jpg,1,5,CNV,DRUSEN,0.8676801,False,CNV,0.12342474
retinal_oct_c8_project/data/RetinalOCT_Dataset/RetinalOCT_Dataset/test/NORMAL/normal_test_1164.jpg,7,3,NORMAL,DME,0.86762625,False,DRUSEN,0.06710576
retinal_oct_c8_project/data/RetinalOCT_Dataset/RetinalOCT_Dataset/test/DME/dme_test_1140.jpg,3,7,DME,NORMAL,0.8663093,False,DRUSEN,0.094288684
retinal_oct_c8_project/data/RetinalOCT_Dataset/RetinalOCT_Dataset/test/DRUSEN/drusen_test_1218.jpg,5,1,DRUSEN,CNV,0.8623275,False,DRUSEN,0.1304994
retinal_oct_c8_project/data/RetinalOCT_Dataset/RetinalOCT_Dataset/test/DRUSEN/drusen_test_1156.jpg,5,7,DRUSEN,NORMAL,0.8616528,False,CNV,0.07443189
retinal_oct_c8_project/data/RetinalOCT_Dataset/RetinalOCT_Dataset/test/DME/dme_test_1215.jpg,3,1,DME,CNV,0.8603539,False,DME,0.1372545
retinal_oct_c8_project/data/RetinalOCT_Dataset/RetinalOCT_Dataset/test/CNV/cnv_test_1335.jpg,1,5,CNV,DRUSEN,0.8594062,False,CNV,0.12051826
retinal_oct_c8_project/data/RetinalOCT_Dataset/RetinalOCT_Dataset/test/CNV/cnv_test_1305.jpg,1,5,CNV,DRUSEN,0.85278887,False,CNV,0.14000182
retinal_oct_c8_project/data/RetinalOCT_Dataset/RetinalOCT_Dataset/test/DRUSEN/drusen_test_1245.jpg,5,7,DRUSEN,NORMAL,0.84992677,False,DRUSEN,0.09004084
retinal_oct_c8_project/data/RetinalOCT_Dataset/RetinalOCT_Dataset/test/DRUSEN/drusen_test_1327.jpg,5,1,DRUSEN,CNV,0.8496394,False,DRUSEN,0.14235963
retinal_oct_c8_project/data/RetinalOCT_Dataset/RetinalOCT_Dataset/test/DRUSEN/drusen_test_1326.jpg,5,1,DRUSEN,CNV,0.84657097,False,DRUSEN,0.15016514
retinal_oct_c8_project/data/RetinalOCT_Dataset/RetinalOCT_Dataset/test/MH/mh_test_1350.jpg,6,2,MH,CSR,0.842479,False,MH,0.13863392
retinal_oct_c8_project/data/RetinalOCT_Dataset/RetinalOCT_Dataset/test/DRUSEN/drusen_test_1090.jpg,5,3,DRUSEN,DME,0.8383494,False,DRUSEN,0.094629735
retinal_oct_c8_project/data/RetinalOCT_Dataset/RetinalOCT_Dataset/test/DRUSEN/drusen_test_1145.jpg,5,3,DRUSEN,DME,0.834085,False,DRUSEN,0.103029445
retinal_oct_c8_project/data/RetinalOCT_Dataset/RetinalOCT_Dataset/test/CNV/cnv_test_1202.jpg,1,3,CNV,DME,0.8304195,False,CNV,0.16949323
retinal_oct_c8_project/data/RetinalOCT_Dataset/RetinalOCT_Dataset/test/NORMAL/normal_test_1038.jpg,7,3,NORMAL,DME,0.82932097,False,DRUSEN,0.08381126
retinal_oct_c8_project/data/RetinalOCT_Dataset/RetinalOCT_Dataset/test/CNV/cnv_test_1124.jpg,1,3,CNV,DME,0.8267788,False,CNV,0.16942024
retinal_oct_c8_project/data/RetinalOCT_Dataset/RetinalOCT_Dataset/test/DME/dme_test_1217.jpg,3,7,DME,NORMAL,0.8256482,False,DME,0.123230234
retinal_oct_c8_project/data/RetinalOCT_Dataset/RetinalOCT_Dataset/test/DRUSEN/drusen_test_1294.jpg,5,7,DRUSEN,NORMAL,0.82378453,False,DRUSEN,0.16567399
retinal_oct_c8_project/data/RetinalOCT_Dataset/RetinalOCT_Dataset/test/MH/mh_test_1102.jpg,6,4,MH,DR,0.8214292,False,MH,0.16949153
retinal_oct_c8_project/data/RetinalOCT_Dataset/RetinalOCT_Dataset/test/DRUSEN/drusen_test_1227.jpg,5,7,DRUSEN,NORMAL,0.8182816,False,DRUSEN,0.15587707
retinal_oct_c8_project/data/RetinalOCT_Dataset/RetinalOCT_Dataset/test/DRUSEN/drusen_test_1338.jpg,5,7,DRUSEN,NORMAL,0.80265605,False,DRUSEN,0.1696157
retinal_oct_c8_project/data/RetinalOCT_Dataset/RetinalOCT_Dataset/test/DRUSEN/drusen_test_1169.jpg,5,7,DRUSEN,NORMAL,0.7942327,False,DRUSEN,0.18201159
retinal_oct_c8_project/data/RetinalOCT_Dataset/RetinalOCT_Dataset/test/NORMAL/normal_test_1075.jpg,7,5,NORMAL,DRUSEN,0.7879282,False,NORMAL,0.10068946
retinal_oct_c8_project/data/RetinalOCT_Dataset/RetinalOCT_Dataset/test/CNV/cnv_test_1280.jpg,1,5,CNV,DRUSEN,0.78628004,False,CNV,0.12951925
retinal_oct_c8_project/data/RetinalOCT_Dataset/RetinalOCT_Dataset/test/DRUSEN/drusen_test_1325.jpg,5,1,DRUSEN,CNV,0.78412235,False,DRUSEN,0.21353525
retinal_oct_c8_project/data/RetinalOCT_Dataset/RetinalOCT_Dataset/test/CSR/csr_test_1303.jpg,2,4,CSR,DR,0.78356683,False,CSR,0.20926104
retinal_oct_c8_project/data/RetinalOCT_Dataset/RetinalOCT_Dataset/test/CNV/cnv_test_1123.jpg,1,5,CNV,DRUSEN,0.7819849,False,NORMAL,0.0847985
retinal_oct_c8_project/data/RetinalOCT_Dataset/RetinalOCT_Dataset/test/NORMAL/normal_test_1026.jpg,7,5,NORMAL,DRUSEN,0.77476907,False,NORMAL,0.120390885
retinal_oct_c8_project/data/RetinalOCT_Dataset/RetinalOCT_Dataset/test/DRUSEN/drusen_test_1069.jpg,5,3,DRUSEN,DME,0.7741504,False,DRUSEN,0.16458751
retinal_oct_c8_project/data/RetinalOCT_Dataset/RetinalOCT_Dataset/test/DRUSEN/drusen_test_1265.jpg,5,1,DRUSEN,CNV,0.7738398,False,DRUSEN,0.21759854
retinal_oct_c8_project/data/RetinalOCT_Dataset/RetinalOCT_Dataset/test/CSR/csr_test_1274.jpg,2,1,CSR,CNV,0.77188295,False,CSR,0.15948713
retinal_oct_c8_project/data/RetinalOCT_Dataset/RetinalOCT_Dataset/test/NORMAL/normal_test_1233.jpg,7,5,NORMAL,DRUSEN,0.7712637,False,DME,0.13794191
retinal_oct_c8_project/data/RetinalOCT_Dataset/RetinalOCT_Dataset/test/CNV/cnv_test_1106.jpg,1,5,CNV,DRUSEN,0.7710798,False,CNV,0.22405699
retinal_oct_c8_project/data/RetinalOCT_Dataset/RetinalOCT_Dataset/test/DME/dme_test_1291.jpg,3,1,DME,CNV,0.77014744,False,DME,0.17179357
retinal_oct_c8_project/data/RetinalOCT_Dataset/RetinalOCT_Dataset/test/DME/dme_test_1338.jpg,3,5,DME,DRUSEN,0.7695245,False,CNV,0.13335386
retinal_oct_c8_project/data/RetinalOCT_Dataset/RetinalOCT_Dataset/test/CNV/cnv_test_1105.jpg,1,5,CNV,DRUSEN,0.76687527,False,CNV,0.23088573
retinal_oct_c8_project/data/RetinalOCT_Dataset/RetinalOCT_Dataset/test/DRUSEN/drusen_test_1201.jpg,5,3,DRUSEN,DME,0.76655674,False,DRUSEN,0.20312962
retinal_oct_c8_project/data/RetinalOCT_Dataset/RetinalOCT_Dataset/test/DRUSEN/drusen_test_1020.jpg,5,7,DRUSEN,NORMAL,0.7647639,False,DRUSEN,0.20298967
retinal_oct_c8_project/data/RetinalOCT_Dataset/RetinalOCT_Dataset/test/DME/dme_test_1279.jpg,3,7,DME,NORMAL,0.76294047,False,DME,0.17510769
retinal_oct_c8_project/data/RetinalOCT_Dataset/RetinalOCT_Dataset/test/CNV/cnv_test_1289.jpg,1,3,CNV,DME,0.7616965,False,CNV,0.17754993
retinal_oct_c8_project/data/RetinalOCT_Dataset/RetinalOCT_Dataset/test/NORMAL/normal_test_1039.jpg,7,3,NORMAL,DME,0.7616218,False,DRUSEN,0.1893575
retinal_oct_c8_project/data/RetinalOCT_Dataset/RetinalOCT_Dataset/test/CNV/cnv_test_1099.jpg,1,3,CNV,DME,0.7599621,False,CNV,0.23626535
retinal_oct_c8_project/data/RetinalOCT_Dataset/RetinalOCT_Dataset/test/MH/mh_test_1147.jpg,6,4,MH,DR,0.7579082,False,MH,0.22302562
retinal_oct_c8_project/data/RetinalOCT_Dataset/RetinalOCT_Dataset/test/DRUSEN/drusen_test_1083.jpg,5,7,DRUSEN,NORMAL,0.7487421,False,DRUSEN,0.20831533
retinal_oct_c8_project/data/RetinalOCT_Dataset/RetinalOCT_Dataset/test/DR/dr_test_1187.jpg,4,2,DR,CSR,0.74770266,False,DR,0.2308607
retinal_oct_c8_project/data/RetinalOCT_Dataset/RetinalOCT_Dataset/test/DRUSEN/drusen_test_1346.jpg,5,1,DRUSEN,CNV,0.74686205,False,DRUSEN,0.17855336
retinal_oct_c8_project/data/RetinalOCT_Dataset/RetinalOCT_Dataset/test/NORMAL/normal_test_1240.jpg,7,3,NORMAL,DME,0.7436442,False,CNV,0.18415211
retinal_oct_c8_project/data/RetinalOCT_Dataset/RetinalOCT_Dataset/test/CNV/cnv_test_1143.jpg,1,5,CNV,DRUSEN,0.74331105,False,CNV,0.20597732
retinal_oct_c8_project/data/RetinalOCT_Dataset/RetinalOCT_Dataset/test/DME/dme_test_1242.jpg,3,1,DME,CNV,0.74326897,False,DRUSEN,0.12397218
retinal_oct_c8_project/data/RetinalOCT_Dataset/RetinalOCT_Dataset/test/DRUSEN/drusen_test_1204.jpg,5,7,DRUSEN,NORMAL,0.74005276,False,DRUSEN,0.24658498
retinal_oct_c8_project/data/RetinalOCT_Dataset/RetinalOCT_Dataset/test/CSR/csr_test_1285.jpg,2,4,CSR,DR,0.738453,False,CSR,0.23224236
retinal_oct_c8_project/data/RetinalOCT_Dataset/RetinalOCT_Dataset/test/CNV/cnv_test_1107.jpg,1,5,CNV,DRUSEN,0.7370986,False,CNV,0.25528336
retinal_oct_c8_project/data/RetinalOCT_Dataset/RetinalOCT_Dataset/test/MH/mh_test_1043.jpg,6,4,MH,DR,0.7345513,False,MH,0.2645275
retinal_oct_c8_project/data/RetinalOCT_Dataset/RetinalOCT_Dataset/test/NORMAL/normal_test_1024.jpg,7,5,NORMAL,DRUSEN,0.73349804,False,NORMAL,0.22428295
retinal_oct_c8_project/data/RetinalOCT_Dataset/RetinalOCT_Dataset/test/DRUSEN/drusen_test_1260.jpg,5,1,DRUSEN,CNV,0.7319742,False,DRUSEN,0.19491558
retinal_oct_c8_project/data/RetinalOCT_Dataset/RetinalOCT_Dataset/test/DRUSEN/drusen_test_1077.jpg,5,3,DRUSEN,DME,0.7257351,False,DRUSEN,0.1773845
retinal_oct_c8_project/data/RetinalOCT_Dataset/RetinalOCT_Dataset/test/DR/dr_test_1165.jpg,4,2,DR,CSR,0.72549707,False,DR,0.26084378
retinal_oct_c8_project/data/RetinalOCT_Dataset/RetinalOCT_Dataset/test/DRUSEN/drusen_test_1215.jpg,5,3,DRUSEN,DME,0.7211769,False,CNV,0.15100256
retinal_oct_c8_project/data/RetinalOCT_Dataset/RetinalOCT_Dataset/test/CNV/cnv_test_1135.jpg,1,5,CNV,DRUSEN,0.71368164,False,CNV,0.24514623
retinal_oct_c8_project/data/RetinalOCT_Dataset/RetinalOCT_Dataset/test/DRUSEN/drusen_test_1014.jpg,5,7,DRUSEN,NORMAL,0.7126589,False,DRUSEN,0.27458343
retinal_oct_c8_project/data/RetinalOCT_Dataset/RetinalOCT_Dataset/test/CSR/csr_test_1311.jpg,2,4,CSR,DR,0.7115187,False,CSR,0.2528971
retinal_oct_c8_project/data/RetinalOCT_Dataset/RetinalOCT_Dataset/test/DRUSEN/drusen_test_1316.jpg,5,1,DRUSEN,CNV,0.7091796,False,DRUSEN,0.28645346
retinal_oct_c8_project/data/RetinalOCT_Dataset/RetinalOCT_Dataset/test/DME/dme_test_1262.jpg,3,1,DME,CNV,0.70493805,False,DME,0.27498147
retinal_oct_c8_project/data/RetinalOCT_Dataset/RetinalOCT_Dataset/test/NORMAL/normal_test_1341.jpg,7,3,NORMAL,DME,0.7010878,False,NORMAL,0.23434816
retinal_oct_c8_project/data/RetinalOCT_Dataset/RetinalOCT_Dataset/test/DRUSEN/drusen_test_1266.jpg,5,1,DRUSEN,CNV,0.7009519,False,DRUSEN,0.29543814
retinal_oct_c8_project/data/RetinalOCT_Dataset/RetinalOCT_Dataset/test/NORMAL/normal_test_1036.jpg,7,5,NORMAL,DRUSEN,0.69662285,False,NORMAL,0.1768377
retinal_oct_c8_project/data/RetinalOCT_Dataset/RetinalOCT_Dataset/test/NORMAL/normal_test_1283.jpg,7,3,NORMAL,DME,0.68811095,False,NORMAL,0.24510083
retinal_oct_c8_project/data/RetinalOCT_Dataset/RetinalOCT_Dataset/test/DME/dme_test_1287.jpg,3,7,DME,NORMAL,0.6839945,False,DME,0.26064876
retinal_oct_c8_project/data/RetinalOCT_Dataset/RetinalOCT_Dataset/test/MH/mh_test_1045.jpg,6,4,MH,DR,0.6824302,False,MH,0.3003472
retinal_oct_c8_project/data/RetinalOCT_Dataset/RetinalOCT_Dataset/test/DME/dme_test_1256.jpg,3,1,DME,CNV,0.67988235,False,DME,0.31100667
retinal_oct_c8_project/data/RetinalOCT_Dataset/RetinalOCT_Dataset/test/DRUSEN/drusen_test_1071.jpg,5,1,DRUSEN,CNV,0.67888373,False,DRUSEN,0.15503323
retinal_oct_c8_project/data/RetinalOCT_Dataset/RetinalOCT_Dataset/test/MH/mh_test_1114.jpg,6,4,MH,DR,0.67796105,False,MH,0.31655923
retinal_oct_c8_project/data/RetinalOCT_Dataset/RetinalOCT_Dataset/test/DME/dme_test_1036.jpg,3,5,DME,DRUSEN,0.6773122,False,CNV,0.23243661
retinal_oct_c8_project/data/RetinalOCT_Dataset/RetinalOCT_Dataset/test/MH/mh_test_1137.jpg,6,4,MH,DR,0.6767565,False,MH,0.29095832
retinal_oct_c8_project/data/RetinalOCT_Dataset/RetinalOCT_Dataset/test/CNV/cnv_test_1338.jpg,1,5,CNV,DRUSEN,0.67395747,False,CNV,0.15450324
retinal_oct_c8_project/data/RetinalOCT_Dataset/RetinalOCT_Dataset/test/DRUSEN/drusen_test_1238.jpg,5,1,DRUSEN,CNV,0.6734349,False,DRUSEN,0.26766118
retinal_oct_c8_project/data/RetinalOCT_Dataset/RetinalOCT_Dataset/test/DRUSEN/drusen_test_1281.jpg,5,1,DRUSEN,CNV,0.67172086,False,DRUSEN,0.31234705
retinal_oct_c8_project/data/RetinalOCT_Dataset/RetinalOCT_Dataset/test/DME/dme_test_1261.jpg,3,5,DME,DRUSEN,0.6661252,False,DME,0.17869243
retinal_oct_c8_project/data/RetinalOCT_Dataset/RetinalOCT_Dataset/test/DME/dme_test_1170.jpg,3,1,DME,CNV,0.6661165,False,DME,0.2546194
retinal_oct_c8_project/data/RetinalOCT_Dataset/RetinalOCT_Dataset/test/CNV/cnv_test_1054.jpg,1,5,CNV,DRUSEN,0.6652777,False,CNV,0.29960346
retinal_oct_c8_project/data/RetinalOCT_Dataset/RetinalOCT_Dataset/test/CNV/cnv_test_1283.jpg,1,5,CNV,DRUSEN,0.6593868,False,CNV,0.14166912
retinal_oct_c8_project/data/RetinalOCT_Dataset/RetinalOCT_Dataset/test/DRUSEN/drusen_test_1065.jpg,5,7,DRUSEN,NORMAL,0.65748674,False,DME,0.23438407
retinal_oct_c8_project/data/RetinalOCT_Dataset/RetinalOCT_Dataset/test/NORMAL/normal_test_1146.jpg,7,5,NORMAL,DRUSEN,0.6530678,False,NORMAL,0.14537352
retinal_oct_c8_project/data/RetinalOCT_Dataset/RetinalOCT_Dataset/test/CNV/cnv_test_1334.jpg,1,5,CNV,DRUSEN,0.651517,False,CNV,0.3316735
retinal_oct_c8_project/data/RetinalOCT_Dataset/RetinalOCT_Dataset/test/CNV/cnv_test_1293.jpg,1,7,CNV,NORMAL,0.6510519,False,DME,0.22331886
retinal_oct_c8_project/data/RetinalOCT_Dataset/RetinalOCT_Dataset/test/NORMAL/normal_test_1280.jpg,7,3,NORMAL,DME,0.6508985,False,CNV,0.18900794
retinal_oct_c8_project/data/RetinalOCT_Dataset/RetinalOCT_Dataset/test/DRUSEN/drusen_test_1222.jpg,5,7,DRUSEN,NORMAL,0.65039855,False,DRUSEN,0.23008546
retinal_oct_c8_project/data/RetinalOCT_Dataset/RetinalOCT_Dataset/test/DME/dme_test_1271.jpg,3,5,DME,DRUSEN,0.64997387,False,CNV,0.3285133
retinal_oct_c8_project/data/RetinalOCT_Dataset/RetinalOCT_Dataset/test/DRUSEN/drusen_test_1186.jpg,5,1,DRUSEN,CNV,0.6493321,False,DME,0.20457117
retinal_oct_c8_project/data/RetinalOCT_Dataset/RetinalOCT_Dataset/test/NORMAL/normal_test_1060.jpg,7,5,NORMAL,DRUSEN,0.645051,False,NORMAL,0.28282243
retinal_oct_c8_project/data/RetinalOCT_Dataset/RetinalOCT_Dataset/test/DRUSEN/drusen_test_1116.jpg,5,1,DRUSEN,CNV,0.6441805,False,DRUSEN,0.32519555
retinal_oct_c8_project/data/RetinalOCT_Dataset/RetinalOCT_Dataset/test/DRUSEN/drusen_test_1345.jpg,5,1,DRUSEN,CNV,0.64321065,False,DRUSEN,0.2272136
retinal_oct_c8_project/data/RetinalOCT_Dataset/RetinalOCT_Dataset/test/DR/dr_test_1018.jpg,4,3,DR,DME,0.6428822,False,DR,0.26956466
retinal_oct_c8_project/data/RetinalOCT_Dataset/RetinalOCT_Dataset/test/DRUSEN/drusen_test_1319.jpg,5,3,DRUSEN,DME,0.6421161,False,DRUSEN,0.25103483
retinal_oct_c8_project/data/RetinalOCT_Dataset/RetinalOCT_Dataset/test/CNV/cnv_test_1331.jpg,1,3,CNV,DME,0.64035267,False,DRUSEN,0.2216824
retinal_oct_c8_project/data/RetinalOCT_Dataset/RetinalOCT_Dataset/test/CNV/cnv_test_1036.jpg,1,3,CNV,DME,0.63887537,False,CNV,0.36092535
retinal_oct_c8_project/data/RetinalOCT_Dataset/RetinalOCT_Dataset/test/CNV/cnv_test_1157.jpg,1,3,CNV,DME,0.6374378,False,CNV,0.24342628
retinal_oct_c8_project/data/RetinalOCT_Dataset/RetinalOCT_Dataset/test/CSR/csr_test_1112.jpg,2,6,CSR,MH,0.63494486,False,CSR,0.1925695
retinal_oct_c8_project/data/RetinalOCT_Dataset/RetinalOCT_Dataset/test/CNV/cnv_test_1178.jpg,1,7,CNV,NORMAL,0.6344514,False,DRUSEN,0.21959619
retinal_oct_c8_project/data/RetinalOCT_Dataset/RetinalOCT_Dataset/test/DRUSEN/drusen_test_1096.jpg,5,7,DRUSEN,NORMAL,0.6332338,False,DRUSEN,0.2886147
retinal_oct_c8_project/data/RetinalOCT_Dataset/RetinalOCT_Dataset/test/DR/dr_test_1132.jpg,4,3,DR,DME,0.63031423,False,DR,0.31617165
retinal_oct_c8_project/data/RetinalOCT_Dataset/RetinalOCT_Dataset/test/CNV/cnv_test_1006.jpg,1,3,CNV,DME,0.6298811,False,CNV,0.3393761
retinal_oct_c8_project/data/RetinalOCT_Dataset/RetinalOCT_Dataset/test/NORMAL/normal_test_1084.jpg,7,1,NORMAL,CNV,0.6279955,False,NORMAL,0.1327478
retinal_oct_c8_project/data/RetinalOCT_Dataset/RetinalOCT_Dataset/test/DRUSEN/drusen_test_1273.jpg,5,1,DRUSEN,CNV,0.62539005,False,DRUSEN,0.36557034
retinal_oct_c8_project/data/RetinalOCT_Dataset/RetinalOCT_Dataset/test/DME/dme_test_1229.jpg,3,1,DME,CNV,0.6243603,False,DME,0.230726
retinal_oct_c8_project/data/RetinalOCT_Dataset/RetinalOCT_Dataset/test/MH/mh_test_1263.jpg,6,4,MH,DR,0.6226727,False,MH,0.36510554
retinal_oct_c8_project/data/RetinalOCT_Dataset/RetinalOCT_Dataset/test/CNV/cnv_test_1179.jpg,1,3,CNV,DME,0.61619115,False,DRUSEN,0.20051861
retinal_oct_c8_project/data/RetinalOCT_Dataset/RetinalOCT_Dataset/test/NORMAL/normal_test_1273.jpg,7,5,NORMAL,DRUSEN,0.6096392,False,DME,0.16316636
retinal_oct_c8_project/data/RetinalOCT_Dataset/RetinalOCT_Dataset/test/DR/dr_test_1142.jpg,4,6,DR,MH,0.60935354,False,DR,0.38860223
retinal_oct_c8_project/data/RetinalOCT_Dataset/RetinalOCT_Dataset/test/CNV/cnv_test_1182.jpg,1,3,CNV,DME,0.60914487,False,CNV,0.22806887
retinal_oct_c8_project/data/RetinalOCT_Dataset/RetinalOCT_Dataset/test/DME/dme_test_1077.jpg,3,7,DME,NORMAL,0.60877854,False,DME,0.1498373
retinal_oct_c8_project/data/RetinalOCT_Dataset/RetinalOCT_Dataset/test/DME/dme_test_1208.jpg,3,5,DME,DRUSEN,0.6076708,False,DME,0.36511448
retinal_oct_c8_project/data/RetinalOCT_Dataset/RetinalOCT_Dataset/test/CNV/cnv_test_1284.jpg,1,5,CNV,DRUSEN,0.60625374,False,DME,0.1592862
retinal_oct_c8_project/data/RetinalOCT_Dataset/RetinalOCT_Dataset/test/MH/mh_test_1326.jpg,6,4,MH,DR,0.60294634,False,MH,0.39566064
retinal_oct_c8_project/data/RetinalOCT_Dataset/RetinalOCT_Dataset/test/DME/dme_test_1110.jpg,3,5,DME,DRUSEN,0.60144997,False,CNV,0.26992238
retinal_oct_c8_project/data/RetinalOCT_Dataset/RetinalOCT_Dataset/test/DR/dr_test_1313.jpg,4,3,DR,DME,0.6002992,False,DR,0.2883275
retinal_oct_c8_project/data/RetinalOCT_Dataset/RetinalOCT_Dataset/test/DR/dr_test_1279.jpg,4,6,DR,MH,0.59950805,False,DR,0.40012932
retinal_oct_c8_project/data/RetinalOCT_Dataset/RetinalOCT_Dataset/test/NORMAL/normal_test_1236.jpg,7,3,NORMAL,DME,0.5978163,False,DRUSEN,0.3474104
retinal_oct_c8_project/data/RetinalOCT_Dataset/RetinalOCT_Dataset/test/NORMAL/normal_test_1214.jpg,7,5,NORMAL,DRUSEN,0.5972387,False,NORMAL,0.34747633
retinal_oct_c8_project/data/RetinalOCT_Dataset/RetinalOCT_Dataset/test/MH/mh_test_1207.jpg,6,4,MH,DR,0.5970785,False,MH,0.40068415
retinal_oct_c8_project/data/RetinalOCT_Dataset/RetinalOCT_Dataset/test/CNV/cnv_test_1031.jpg,1,5,CNV,DRUSEN,0.5967889,False,CNV,0.36302447
retinal_oct_c8_project/data/RetinalOCT_Dataset/RetinalOCT_Dataset/test/MH/mh_test_1091.jpg,6,4,MH,DR,0.5964445,False,MH,0.32084453
retinal_oct_c8_project/data/RetinalOCT_Dataset/RetinalOCT_Dataset/test/MH/mh_test_1193.jpg,6,4,MH,DR,0.59550315,False,MH,0.40209383
retinal_oct_c8_project/data/RetinalOCT_Dataset/RetinalOCT_Dataset/test/MH/mh_test_1162.jpg,6,4,MH,DR,0.59366685,False,MH,0.40437448
retinal_oct_c8_project/data/RetinalOCT_Dataset/RetinalOCT_Dataset/test/DME/dme_test_1290.jpg,3,1,DME,CNV,0.5931891,False,DRUSEN,0.27066982
retinal_oct_c8_project/data/RetinalOCT_Dataset/RetinalOCT_Dataset/test/MH/mh_test_1258.jpg,6,4,MH,DR,0.59259444,False,MH,0.4068071
retinal_oct_c8_project/data/RetinalOCT_Dataset/RetinalOCT_Dataset/test/NORMAL/normal_test_1262.jpg,7,5,NORMAL,DRUSEN,0.59071225,False,NORMAL,0.3608079
retinal_oct_c8_project/data/RetinalOCT_Dataset/RetinalOCT_Dataset/test/CNV/cnv_test_1332.jpg,1,5,CNV,DRUSEN,0.59038305,False,CNV,0.3777745
retinal_oct_c8_project/data/RetinalOCT_Dataset/RetinalOCT_Dataset/test/NORMAL/normal_test_1055.jpg,7,3,NORMAL,DME,0.5860294,False,NORMAL,0.25848535
retinal_oct_c8_project/data/RetinalOCT_Dataset/RetinalOCT_Dataset/test/DRUSEN/drusen_test_1057.jpg,5,1,DRUSEN,CNV,0.5847684,False,DRUSEN,0.3932672
retinal_oct_c8_project/data/RetinalOCT_Dataset/RetinalOCT_Dataset/test/DME/dme_test_1228.jpg,3,5,DME,DRUSEN,0.58466196,False,DME,0.29618108
retinal_oct_c8_project/data/RetinalOCT_Dataset/RetinalOCT_Dataset/test/NORMAL/normal_test_1058.jpg,7,5,NORMAL,DRUSEN,0.5803884,False,CNV,0.2431695
retinal_oct_c8_project/data/RetinalOCT_Dataset/RetinalOCT_Dataset/test/DRUSEN/drusen_test_1183.jpg,5,1,DRUSEN,CNV,0.5788821,False,DRUSEN,0.20193776
retinal_oct_c8_project/data/RetinalOCT_Dataset/RetinalOCT_Dataset/test/DRUSEN/drusen_test_1165.jpg,5,1,DRUSEN,CNV,0.5725052,False,DRUSEN,0.41475618
retinal_oct_c8_project/data/RetinalOCT_Dataset/RetinalOCT_Dataset/test/NORMAL/normal_test_1249.jpg,7,5,NORMAL,DRUSEN,0.5722238,False,NORMAL,0.37832558
retinal_oct_c8_project/data/RetinalOCT_Dataset/RetinalOCT_Dataset/test/DRUSEN/drusen_test_1144.jpg,5,7,DRUSEN,NORMAL,0.56921756,False,DRUSEN,0.24363458
retinal_oct_c8_project/data/RetinalOCT_Dataset/RetinalOCT_Dataset/test/CNV/cnv_test_1010.jpg,1,5,CNV,DRUSEN,0.5686728,False,CNV,0.37695566
retinal_oct_c8_project/data/RetinalOCT_Dataset/RetinalOCT_Dataset/test/CNV/cnv_test_1258.jpg,1,5,CNV,DRUSEN,0.5666829,False,CNV,0.30199763
retinal_oct_c8_project/data/RetinalOCT_Dataset/RetinalOCT_Dataset/test/DRUSEN/drusen_test_1058.jpg,5,1,DRUSEN,CNV,0.56369877,False,DRUSEN,0.4090401
retinal_oct_c8_project/data/RetinalOCT_Dataset/RetinalOCT_Dataset/test/DME/dme_test_1192.jpg,3,5,DME,DRUSEN,0.56295794,False,NORMAL,0.30732563
retinal_oct_c8_project/data/RetinalOCT_Dataset/RetinalOCT_Dataset/test/NORMAL/normal_test_1161.jpg,7,3,NORMAL,DME,0.56200445,False,NORMAL,0.23674645
retinal_oct_c8_project/data/RetinalOCT_Dataset/RetinalOCT_Dataset/test/NORMAL/normal_test_1200.jpg,7,5,NORMAL,DRUSEN,0.561432,False,NORMAL,0.32328522
retinal_oct_c8_project/data/RetinalOCT_Dataset/RetinalOCT_Dataset/test/CNV/cnv_test_1180.jpg,1,5,CNV,DRUSEN,0.5613861,False,DME,0.21423447
retinal_oct_c8_project/data/RetinalOCT_Dataset/RetinalOCT_Dataset/test/DME/dme_test_1047.jpg,3,1,DME,CNV,0.5601854,False,DRUSEN,0.23663166
retinal_oct_c8_project/data/RetinalOCT_Dataset/RetinalOCT_Dataset/test/CNV/cnv_test_1079.jpg,1,5,CNV,DRUSEN,0.5592047,False,CNV,0.40378964
retinal_oct_c8_project/data/RetinalOCT_Dataset/RetinalOCT_Dataset/test/NORMAL/normal_test_1313.jpg,7,3,NORMAL,DME,0.55688214,False,NORMAL,0.34862706
retinal_oct_c8_project/data/RetinalOCT_Dataset/RetinalOCT_Dataset/test/CNV/cnv_test_1227.jpg,1,5,CNV,DRUSEN,0.55577636,False,CNV,0.24465801
retinal_oct_c8_project/data/RetinalOCT_Dataset/RetinalOCT_Dataset/test/CNV/cnv_test_1287.jpg,1,5,CNV,DRUSEN,0.5548014,False,CNV,0.42084232
retinal_oct_c8_project/data/RetinalOCT_Dataset/RetinalOCT_Dataset/test/CNV/cnv_test_1194.jpg,1,5,CNV,DRUSEN,0.55227166,False,CNV,0.35288265
retinal_oct_c8_project/data/RetinalOCT_Dataset/RetinalOCT_Dataset/test/CSR/csr_test_1072.jpg,2,6,CSR,MH,0.55081654,False,CSR,0.1976044
retinal_oct_c8_project/data/RetinalOCT_Dataset/RetinalOCT_Dataset/test/DRUSEN/drusen_test_1280.jpg,5,1,DRUSEN,CNV,0.5503926,False,DRUSEN,0.43151134
retinal_oct_c8_project/data/RetinalOCT_Dataset/RetinalOCT_Dataset/test/DRUSEN/drusen_test_1330.jpg,5,7,DRUSEN,NORMAL,0.54920524,False,DRUSEN,0.42892325
retinal_oct_c8_project/data/RetinalOCT_Dataset/RetinalOCT_Dataset/test/CNV/cnv_test_1181.jpg,1,7,CNV,NORMAL,0.5486477,False,DME,0.2460189
retinal_oct_c8_project/data/RetinalOCT_Dataset/RetinalOCT_Dataset/test/DR/dr_test_1089.jpg,4,2,DR,CSR,0.54315126,False,DR,0.3855742
retinal_oct_c8_project/data/RetinalOCT_Dataset/RetinalOCT_Dataset/test/DME/dme_test_1281.jpg,3,1,DME,CNV,0.54133576,False,DME,0.29924867
retinal_oct_c8_project/data/RetinalOCT_Dataset/RetinalOCT_Dataset/test/NORMAL/normal_test_1171.jpg,7,5,NORMAL,DRUSEN,0.53959787,False,NORMAL,0.3857783
retinal_oct_c8_project/data/RetinalOCT_Dataset/RetinalOCT_Dataset/test/DR/dr_test_1143.jpg,4,2,DR,CSR,0.5337534,False,DR,0.46106815
retinal_oct_c8_project/data/RetinalOCT_Dataset/RetinalOCT_Dataset/test/NORMAL/normal_test_1334.jpg,7,5,NORMAL,DRUSEN,0.533471,False,NORMAL,0.24144182
retinal_oct_c8_project/data/RetinalOCT_Dataset/RetinalOCT_Dataset/test/CNV/cnv_test_1337.jpg,1,5,CNV,DRUSEN,0.53281397,False,CNV,0.28649616
retinal_oct_c8_project/data/RetinalOCT_Dataset/RetinalOCT_Dataset/test/DRUSEN/drusen_test_1149.jpg,5,1,DRUSEN,CNV,0.5327684,False,DRUSEN,0.4064261
retinal_oct_c8_project/data/RetinalOCT_Dataset/RetinalOCT_Dataset/test/DRUSEN/drusen_test_1188.jpg,5,1,DRUSEN,CNV,0.53199893,False,DRUSEN,0.2724342
retinal_oct_c8_project/data/RetinalOCT_Dataset/RetinalOCT_Dataset/test/DRUSEN/drusen_test_1130.jpg,5,1,DRUSEN,CNV,0.53166735,False,DRUSEN,0.38577524
retinal_oct_c8_project/data/RetinalOCT_Dataset/RetinalOCT_Dataset/test/MH/mh_test_1247.jpg,6,4,MH,DR,0.5303177,False,MH,0.46360466
retinal_oct_c8_project/data/RetinalOCT_Dataset/RetinalOCT_Dataset/test/DRUSEN/drusen_test_1052.jpg,5,7,DRUSEN,NORMAL,0.5292813,False,DRUSEN,0.340234
retinal_oct_c8_project/data/RetinalOCT_Dataset/RetinalOCT_Dataset/test/NORMAL/normal_test_1003.jpg,7,5,NORMAL,DRUSEN,0.52914256,False,MH,0.22725931
retinal_oct_c8_project/data/RetinalOCT_Dataset/RetinalOCT_Dataset/test/NORMAL/normal_test_1046.jpg,7,5,NORMAL,DRUSEN,0.5288437,False,NORMAL,0.3040238
retinal_oct_c8_project/data/RetinalOCT_Dataset/RetinalOCT_Dataset/test/MH/mh_test_1206.jpg,6,4,MH,DR,0.52767056,False,MH,0.4629204
retinal_oct_c8_project/data/RetinalOCT_Dataset/RetinalOCT_Dataset/test/DRUSEN/drusen_test_1247.jpg,5,1,DRUSEN,CNV,0.52598053,False,DRUSEN,0.4207405
retinal_oct_c8_project/data/RetinalOCT_Dataset/RetinalOCT_Dataset/test/DRUSEN/drusen_test_1079.jpg,5,7,DRUSEN,NORMAL,0.5254747,False,DRUSEN,0.27077588
retinal_oct_c8_project/data/RetinalOCT_Dataset/RetinalOCT_Dataset/test/DRUSEN/drusen_test_1271.jpg,5,1,DRUSEN,CNV,0.52344245,False,DRUSEN,0.4397832
retinal_oct_c8_project/data/RetinalOCT_Dataset/RetinalOCT_Dataset/test/CSR/csr_test_1101.jpg,2,4,CSR,DR,0.52343506,False,CSR,0.40002173
retinal_oct_c8_project/data/RetinalOCT_Dataset/RetinalOCT_Dataset/test/NORMAL/normal_test_1179.jpg,7,3,NORMAL,DME,0.520033,False,NORMAL,0.2818477
retinal_oct_c8_project/data/RetinalOCT_Dataset/RetinalOCT_Dataset/test/NORMAL/normal_test_1109.jpg,7,5,NORMAL,DRUSEN,0.5199378,False,NORMAL,0.38143542
retinal_oct_c8_project/data/RetinalOCT_Dataset/RetinalOCT_Dataset/test/CNV/cnv_test_1333.jpg,1,5,CNV,DRUSEN,0.51878905,False,CNV,0.45799193
retinal_oct_c8_project/data/RetinalOCT_Dataset/RetinalOCT_Dataset/test/CNV/cnv_test_1285.jpg,1,5,CNV,DRUSEN,0.514813,False,NORMAL,0.24127053
retinal_oct_c8_project/data/RetinalOCT_Dataset/RetinalOCT_Dataset/test/NORMAL/normal_test_1342.jpg,7,3,NORMAL,DME,0.51411074,False,NORMAL,0.4714934
retinal_oct_c8_project/data/RetinalOCT_Dataset/RetinalOCT_Dataset/test/CNV/cnv_test_1212.jpg,1,3,CNV,DME,0.5119142,False,CNV,0.4846819
retinal_oct_c8_project/data/RetinalOCT_Dataset/RetinalOCT_Dataset/test/MH/mh_test_1242.jpg,6,4,MH,DR,0.50633675,False,MH,0.49332047
retinal_oct_c8_project/data/RetinalOCT_Dataset/RetinalOCT_Dataset/test/NORMAL/normal_test_1289.jpg,7,5,NORMAL,DRUSEN,0.50603926,False,NORMAL,0.4555526
retinal_oct_c8_project/data/RetinalOCT_Dataset/RetinalOCT_Dataset/test/DRUSEN/drusen_test_1220.jpg,5,1,DRUSEN,CNV,0.50525516,False,DME,0.35766113
retinal_oct_c8_project/data/RetinalOCT_Dataset/RetinalOCT_Dataset/test/CNV/cnv_test_1130.jpg,1,5,CNV,DRUSEN,0.5013853,False,CNV,0.36315325
retinal_oct_c8_project/data/RetinalOCT_Dataset/RetinalOCT_Dataset/test/CSR/csr_test_1220.jpg,2,1,CSR,CNV,0.49980697,False,CSR,0.23106934
retinal_oct_c8_project/data/RetinalOCT_Dataset/RetinalOCT_Dataset/test/DME/dme_test_1248.jpg,3,7,DME,NORMAL,0.4985869,False,DME,0.4224958
retinal_oct_c8_project/data/RetinalOCT_Dataset/RetinalOCT_Dataset/test/NORMAL/normal_test_1322.jpg,7,3,NORMAL,DME,0.49791747,False,NORMAL,0.4608602
retinal_oct_c8_project/data/RetinalOCT_Dataset/RetinalOCT_Dataset/test/DME/dme_test_1152.jpg,3,5,DME,DRUSEN,0.4976338,False,DME,0.24321051
retinal_oct_c8_project/data/RetinalOCT_Dataset/RetinalOCT_Dataset/test/MH/mh_test_1233.jpg,6,4,MH,DR,0.49444923,False,MH,0.4410182
retinal_oct_c8_project/data/RetinalOCT_Dataset/RetinalOCT_Dataset/test/DRUSEN/drusen_test_1203.jpg,5,7,DRUSEN,NORMAL,0.49359277,False,DRUSEN,0.37908226
retinal_oct_c8_project/data/RetinalOCT_Dataset/RetinalOCT_Dataset/test/MH/mh_test_1309.jpg,6,4,MH,DR,0.49241623,False,MH,0.48934433
retinal_oct_c8_project/data/RetinalOCT_Dataset/RetinalOCT_Dataset/test/DME/dme_test_1280.jpg,3,1,DME,CNV,0.4898372,False,NORMAL,0.2717783
retinal_oct_c8_project/data/RetinalOCT_Dataset/RetinalOCT_Dataset/test/NORMAL/normal_test_1345.jpg,7,5,NORMAL,DRUSEN,0.48698688,False,NORMAL,0.29812053
retinal_oct_c8_project/data/RetinalOCT_Dataset/RetinalOCT_Dataset/test/DRUSEN/drusen_test_1299.jpg,5,3,DRUSEN,DME,0.48258144,False,CNV,0.31419444
retinal_oct_c8_project/data/RetinalOCT_Dataset/RetinalOCT_Dataset/test/DRUSEN/drusen_test_1196.jpg,5,3,DRUSEN,DME,0.4805899,False,DRUSEN,0.24961987
retinal_oct_c8_project/data/RetinalOCT_Dataset/RetinalOCT_Dataset/test/DME/dme_test_1209.jpg,3,5,DME,DRUSEN,0.4801907,False,DME,0.3564427
retinal_oct_c8_project/data/RetinalOCT_Dataset/RetinalOCT_Dataset/test/NORMAL/normal_test_1225.jpg,7,3,NORMAL,DME,0.47857767,False,CNV,0.21982327
retinal_oct_c8_project/data/RetinalOCT_Dataset/RetinalOCT_Dataset/test/NORMAL/normal_test_1247.jpg,7,5,NORMAL,DRUSEN,0.47781745,False,NORMAL,0.34485734
retinal_oct_c8_project/data/RetinalOCT_Dataset/RetinalOCT_Dataset/test/DME/dme_test_1212.jpg,3,7,DME,NORMAL,0.4766681,False,DME,0.42487434
retinal_oct_c8_project/data/RetinalOCT_Dataset/RetinalOCT_Dataset/test/DME/dme_test_1042.jpg,3,7,DME,NORMAL,0.4761698,False,DME,0.4351013
retinal_oct_c8_project/data/RetinalOCT_Dataset/RetinalOCT_Dataset/test/DRUSEN/drusen_test_1089.jpg,5,1,DRUSEN,CNV,0.47537753,False,DME,0.2733838
retinal_oct_c8_project/data/RetinalOCT_Dataset/RetinalOCT_Dataset/test/DRUSEN/drusen_test_1248.jpg,5,1,DRUSEN,CNV,0.47482383,False,DRUSEN,0.32737514
retinal_oct_c8_project/data/RetinalOCT_Dataset/RetinalOCT_Dataset/test/CNV/cnv_test_1119.jpg,1,5,CNV,DRUSEN,0.47187936,False,CNV,0.3354438
retinal_oct_c8_project/data/RetinalOCT_Dataset/RetinalOCT_Dataset/test/DME/dme_test_1235.jpg,3,5,DME,DRUSEN,0.46918646,False,CNV,0.2835356
retinal_oct_c8_project/data/RetinalOCT_Dataset/RetinalOCT_Dataset/test/CNV/cnv_test_1156.jpg,1,5,CNV,DRUSEN,0.46838853,False,CNV,0.3499691
retinal_oct_c8_project/data/RetinalOCT_Dataset/RetinalOCT_Dataset/test/MH/mh_test_1007.jpg,6,4,MH,DR,0.4675261,False,MH,0.3830498
retinal_oct_c8_project/data/RetinalOCT_Dataset/RetinalOCT_Dataset/test/DRUSEN/drusen_test_1253.jpg,5,3,DRUSEN,DME,0.46676758,False,DRUSEN,0.2670922
retinal_oct_c8_project/data/RetinalOCT_Dataset/RetinalOCT_Dataset/test/NORMAL/normal_test_1320.jpg,7,5,NORMAL,DRUSEN,0.4666941,False,CNV,0.26917765
retinal_oct_c8_project/data/RetinalOCT_Dataset/RetinalOCT_Dataset/test/CSR/csr_test_1278.jpg,2,1,CSR,CNV,0.4628772,False,DME,0.28481612
retinal_oct_c8_project/data/RetinalOCT_Dataset/RetinalOCT_Dataset/test/DME/dme_test_1176.jpg,3,1,DME,CNV,0.4617252,False,DME,0.36036456
retinal_oct_c8_project/data/RetinalOCT_Dataset/RetinalOCT_Dataset/test/DRUSEN/drusen_test_1054.jpg,5,7,DRUSEN,NORMAL,0.46169654,False,DRUSEN,0.19422613
retinal_oct_c8_project/data/RetinalOCT_Dataset/RetinalOCT_Dataset/test/CSR/csr_test_1344.jpg,2,7,CSR,NORMAL,0.4609828,False,DME,0.12260373
retinal_oct_c8_project/data/RetinalOCT_Dataset/RetinalOCT_Dataset/test/NORMAL/normal_test_1303.jpg,7,3,NORMAL,DME,0.4604587,False,CNV,0.34343418
retinal_oct_c8_project/data/RetinalOCT_Dataset/RetinalOCT_Dataset/test/CSR/csr_test_1348.jpg,2,3,CSR,DME,0.4592263,False,CSR,0.26474014
retinal_oct_c8_project/data/RetinalOCT_Dataset/RetinalOCT_Dataset/test/DME/dme_test_1231.jpg,3,1,DME,CNV,0.45879984,False,DRUSEN,0.39157528
retinal_oct_c8_project/data/RetinalOCT_Dataset/RetinalOCT_Dataset/test/NORMAL/normal_test_1302.jpg,7,5,NORMAL,DRUSEN,0.4560774,False,NORMAL,0.33118865
retinal_oct_c8_project/data/RetinalOCT_Dataset/RetinalOCT_Dataset/test/DRUSEN/drusen_test_1066.jpg,5,1,DRUSEN,CNV,0.4541726,False,DRUSEN,0.41549036
retinal_oct_c8_project/data/RetinalOCT_Dataset/RetinalOCT_Dataset/test/DRUSEN/drusen_test_1191.jpg,5,1,DRUSEN,CNV,0.4540429,False,DRUSEN,0.3152249
retinal_oct_c8_project/data/RetinalOCT_Dataset/RetinalOCT_Dataset/test/DRUSEN/drusen_test_1310.jpg,5,7,DRUSEN,NORMAL,0.44603604,False,DME,0.27316076
retinal_oct_c8_project/data/RetinalOCT_Dataset/RetinalOCT_Dataset/test/DME/dme_test_1007.jpg,3,5,DME,DRUSEN,0.4435791,False,CNV,0.31486702
retinal_oct_c8_project/data/RetinalOCT_Dataset/RetinalOCT_Dataset/test/DME/dme_test_1211.jpg,3,7,DME,NORMAL,0.4423644,False,DRUSEN,0.3170013
retinal_oct_c8_project/data/RetinalOCT_Dataset/RetinalOCT_Dataset/test/NORMAL/normal_test_1209.jpg,7,5,NORMAL,DRUSEN,0.4399468,False,NORMAL,0.34279615
retinal_oct_c8_project/data/RetinalOCT_Dataset/RetinalOCT_Dataset/test/DRUSEN/drusen_test_1159.jpg,5,1,DRUSEN,CNV,0.4371741,False,DRUSEN,0.31470326
retinal_oct_c8_project/data/RetinalOCT_Dataset/RetinalOCT_Dataset/test/CNV/cnv_test_1317.jpg,1,5,CNV,DRUSEN,0.43658876,False,CNV,0.2939103
retinal_oct_c8_project/data/RetinalOCT_Dataset/RetinalOCT_Dataset/test/DRUSEN/drusen_test_1324.jpg,5,7,DRUSEN,NORMAL,0.4346076,False,DRUSEN,0.30380154
retinal_oct_c8_project/data/RetinalOCT_Dataset/RetinalOCT_Dataset/test/DRUSEN/drusen_test_1154.jpg,5,1,DRUSEN,CNV,0.43364638,False,DRUSEN,0.28404933
retinal_oct_c8_project/data/RetinalOCT_Dataset/RetinalOCT_Dataset/test/DRUSEN/drusen_test_1244.jpg,5,7,DRUSEN,NORMAL,0.43246034,False,DRUSEN,0.35326576
retinal_oct_c8_project/data/RetinalOCT_Dataset/RetinalOCT_Dataset/test/DRUSEN/drusen_test_1085.jpg,5,1,DRUSEN,CNV,0.431287,False,DRUSEN,0.26075602
retinal_oct_c8_project/data/RetinalOCT_Dataset/RetinalOCT_Dataset/test/NORMAL/normal_test_1154.jpg,7,5,NORMAL,DRUSEN,0.42853662,False,NORMAL,0.40938252
retinal_oct_c8_project/data/RetinalOCT_Dataset/RetinalOCT_Dataset/test/DME/dme_test_1200.jpg,3,7,DME,NORMAL,0.42174757,False,DRUSEN,0.3866556
retinal_oct_c8_project/data/RetinalOCT_Dataset/RetinalOCT_Dataset/test/NORMAL/normal_test_1338.jpg,7,3,NORMAL,DME,0.4157843,False,NORMAL,0.351207
retinal_oct_c8_project/data/RetinalOCT_Dataset/RetinalOCT_Dataset/test/NORMAL/normal_test_1160.jpg,7,3,NORMAL,DME,0.41400316,False,DRUSEN,0.32630348
retinal_oct_c8_project/data/RetinalOCT_Dataset/RetinalOCT_Dataset/test/DME/dme_test_1005.jpg,3,1,DME,CNV,0.4081779,False,DME,0.39494637
retinal_oct_c8_project/data/RetinalOCT_Dataset/RetinalOCT_Dataset/test/DRUSEN/drusen_test_1055.jpg,5,1,DRUSEN,CNV,0.40595257,False,DRUSEN,0.30491933
retinal_oct_c8_project/data/RetinalOCT_Dataset/RetinalOCT_Dataset/test/DME/dme_test_1158.jpg,3,7,DME,NORMAL,0.40426895,False,DME,0.3180995
retinal_oct_c8_project/data/RetinalOCT_Dataset/RetinalOCT_Dataset/test/NORMAL/normal_test_1059.jpg,7,5,NORMAL,DRUSEN,0.40421692,False,NORMAL,0.30934083
retinal_oct_c8_project/data/RetinalOCT_Dataset/RetinalOCT_Dataset/test/DRUSEN/drusen_test_1050.jpg,5,1,DRUSEN,CNV,0.4026777,False,NORMAL,0.2614752
retinal_oct_c8_project/data/RetinalOCT_Dataset/RetinalOCT_Dataset/test/DRUSEN/drusen_test_1047.jpg,5,3,DRUSEN,DME,0.4023402,False,DRUSEN,0.24720949
retinal_oct_c8_project/data/RetinalOCT_Dataset/RetinalOCT_Dataset/test/MH/mh_test_1203.jpg,6,4,MH,DR,0.4016845,False,MH,0.38236707
retinal_oct_c8_project/data/RetinalOCT_Dataset/RetinalOCT_Dataset/test/CNV/cnv_test_1276.jpg,1,5,CNV,DRUSEN,0.40077904,False,CNV,0.3110991
retinal_oct_c8_project/data/RetinalOCT_Dataset/RetinalOCT_Dataset/test/DME/dme_test_1243.jpg,3,5,DME,DRUSEN,0.40008664,False,CNV,0.22703424
retinal_oct_c8_project/data/RetinalOCT_Dataset/RetinalOCT_Dataset/test/DME/dme_test_1221.jpg,3,7,DME,NORMAL,0.39947593,False,DME,0.35098478
retinal_oct_c8_project/data/RetinalOCT_Dataset/RetinalOCT_Dataset/test/DRUSEN/drusen_test_1064.jpg,5,3,DRUSEN,DME,0.39780927,False,CNV,0.2636172
retinal_oct_c8_project/data/RetinalOCT_Dataset/RetinalOCT_Dataset/test/DME/dme_test_1253.jpg,3,7,DME,NORMAL,0.39722958,False,DME,0.39640725
retinal_oct_c8_project/data/RetinalOCT_Dataset/RetinalOCT_Dataset/test/CNV/cnv_test_1032.jpg,1,3,CNV,DME,0.3959471,False,CNV,0.29438758
retinal_oct_c8_project/data/RetinalOCT_Dataset/RetinalOCT_Dataset/test/CNV/cnv_test_1142.jpg,1,5,CNV,DRUSEN,0.39428404,False,DME,0.2782753
retinal_oct_c8_project/data/RetinalOCT_Dataset/RetinalOCT_Dataset/test/NORMAL/normal_test_1184.jpg,7,3,NORMAL,DME,0.38852844,False,NORMAL,0.37553248
retinal_oct_c8_project/data/RetinalOCT_Dataset/RetinalOCT_Dataset/test/DME/dme_test_1222.jpg,3,5,DME,DRUSEN,0.38826996,False,NORMAL,0.32419935
retinal_oct_c8_project/data/RetinalOCT_Dataset/RetinalOCT_Dataset/test/DRUSEN/drusen_test_1056.jpg,5,7,DRUSEN,NORMAL,0.3877016,False,DME,0.33986494
retinal_oct_c8_project/data/RetinalOCT_Dataset/RetinalOCT_Dataset/test/DRUSEN/drusen_test_1078.jpg,5,3,DRUSEN,DME,0.38546628,False,NORMAL,0.3412418
retinal_oct_c8_project/data/RetinalOCT_Dataset/RetinalOCT_Dataset/test/NORMAL/normal_test_1281.jpg,7,5,NORMAL,DRUSEN,0.37787846,False,DME,0.30308318
retinal_oct_c8_project/data/RetinalOCT_Dataset/RetinalOCT_Dataset/test/NORMAL/normal_test_1054.jpg,7,3,NORMAL,DME,0.37470788,False,DRUSEN,0.31431225
retinal_oct_c8_project/data/RetinalOCT_Dataset/RetinalOCT_Dataset/test/DME/dme_test_1264.jpg,3,7,DME,NORMAL,0.37222037,False,CNV,0.3656331
retinal_oct_c8_project/data/RetinalOCT_Dataset/RetinalOCT_Dataset/test/DR/dr_test_1099.jpg,4,3,DR,DME,0.3694715,False,DR,0.20352425
retinal_oct_c8_project/data/RetinalOCT_Dataset/RetinalOCT_Dataset/test/DRUSEN/drusen_test_1290.jpg,5,7,DRUSEN,NORMAL,0.36409903,False,DME,0.28119278
retinal_oct_c8_project/data/RetinalOCT_Dataset/RetinalOCT_Dataset/test/DME/dme_test_1284.jpg,3,7,DME,NORMAL,0.3626517,False,DME,0.31288463
retinal_oct_c8_project/data/RetinalOCT_Dataset/RetinalOCT_Dataset/test/NORMAL/normal_test_1245.jpg,7,3,NORMAL,DME,0.35835487,False,DRUSEN,0.26479724
retinal_oct_c8_project/data/RetinalOCT_Dataset/RetinalOCT_Dataset/test/NORMAL/normal_test_1343.jpg,7,5,NORMAL,DRUSEN,0.35504773,False,NORMAL,0.29535314
retinal_oct_c8_project/data/RetinalOCT_Dataset/RetinalOCT_Dataset/test/CNV/cnv_test_1183.jpg,1,3,CNV,DME,0.35393602,False,CNV,0.31287542
retinal_oct_c8_project/data/RetinalOCT_Dataset/RetinalOCT_Dataset/test/NORMAL/normal_test_1335.jpg,7,5,NORMAL,DRUSEN,0.34980267,False,NORMAL,0.31573826
retinal_oct_c8_project/data/RetinalOCT_Dataset/RetinalOCT_Dataset/test/DR/dr_test_1234.jpg,4,2,DR,CSR,0.34968442,False,DR,0.31721988
retinal_oct_c8_project/data/RetinalOCT_Dataset/RetinalOCT_Dataset/test/NORMAL/normal_test_1052.jpg,7,5,NORMAL,DRUSEN,0.34570408,False,NORMAL,0.31826907
retinal_oct_c8_project/data/RetinalOCT_Dataset/RetinalOCT_Dataset/test/DRUSEN/drusen_test_1270.jpg,5,1,DRUSEN,CNV,0.33975214,False,DRUSEN,0.3362257
retinal_oct_c8_project/data/RetinalOCT_Dataset/RetinalOCT_Dataset/test/NORMAL/normal_test_1049.jpg,7,3,NORMAL,DME,0.32502857,False,NORMAL,0.316277
retinal_oct_c8_project/data/RetinalOCT_Dataset/RetinalOCT_Dataset/test/DRUSEN/drusen_test_1100.jpg,5,7,DRUSEN,NORMAL,0.32417154,False,CNV,0.21781208
retinal_oct_c8_project/data/RetinalOCT_Dataset/RetinalOCT_Dataset/test/DRUSEN/drusen_test_1016.jpg,5,7,DRUSEN,NORMAL,0.30603403,False,DME,0.2576122
retinal_oct_c8_project/data/RetinalOCT_Dataset/RetinalOCT_Dataset/test/NORMAL/normal_test_1115.jpg,7,3,NORMAL,DME,0.30433118,False,NORMAL,0.24433918
retinal_oct_c8_project/data/RetinalOCT_Dataset/RetinalOCT_Dataset/test/NORMAL/normal_test_1093.jpg,7,3,NORMAL,DME,0.2981599,False,NORMAL,0.29785722
retinal_oct_c8_project/data/RetinalOCT_Dataset/RetinalOCT_Dataset/test/DRUSEN/drusen_test_1070.jpg,5,1,DRUSEN,CNV,0.2596311,False,DME,0.25645316
